endpoint,model_filename,model_type,device_type,quantization,model_size,n_params,throughput,stddev_throughput,batch_size,gpu_percentage,cpu_cores,prompt_length,variant,token_size,prompt_processing_throughput,token_generation_throughput,time_to_first_token,total_time,avg_time_per_request
concurrent_completion,01-DeepSeek-R1-Distill-Qwen-1.5B-Q4_K_M.gguf,01-DeepSeek-R1-Distill-Qwen-1.5B-Q4_K_M,GPU_100%_CPU_None,Q4_K_M,1.5B,1500000000,140.27365665797012,0.0,1,100,0,11,cuda,256,718.6059045451823,144.03419195348576,0.016699000000000002,0.6986343860626221,0.6986343860626221
concurrent_completion,01-DeepSeek-R1-Distill-Qwen-1.5B-Q4_K_M.gguf,01-DeepSeek-R1-Distill-Qwen-1.5B-Q4_K_M,GPU_100%_CPU_None,Q4_K_M,1.5B,1500000000,136.70998520783513,0.0,1,100,0,520,cuda,256,6590.348491556511,142.98800241292255,0.079055,1.87257719039917,1.87257719039917
concurrent_completion,01-DeepSeek-R1-Distill-Qwen-1.5B-Q4_K_M.gguf,01-DeepSeek-R1-Distill-Qwen-1.5B-Q4_K_M,CPU_8_cores,Q4_K_M,1.5B,1500000000,28.93290417190191,0.0,1,0,8,11,cpu,256,124.93883203015191,29.259814696221977,0.096047,8.848057508468628,8.848057508468628
concurrent_completion,01-DeepSeek-R1-Distill-Qwen-1.5B-Q4_K_M.gguf,01-DeepSeek-R1-Distill-Qwen-1.5B-Q4_K_M,CPU_8_cores,Q4_K_M,1.5B,1500000000,19.5669536228962,0.0,1,0,8,520,cpu,256,129.92551103618712,28.22905362869598,4.00999,13.083283424377441,13.083283424377441
concurrent_completion,10-DeepSeek-R1-Distill-Qwen-32B-Q4_K_M.gguf,10-DeepSeek-R1-Distill-Qwen-32B-Q4_K_M,CPU_8_cores,Q4_K_M,32B,32000000000,1.642290697054394,0.0,1,0,8,11,cpu,256,5.898350771971233,1.6806037026271232,2.0344670000000002,90.72693419456482,90.72693419456482
concurrent_completion,10-DeepSeek-R1-Distill-Qwen-32B-Q4_K_M.gguf,10-DeepSeek-R1-Distill-Qwen-32B-Q4_K_M,CPU_8_cores,Q4_K_M,32B,32000000000,1.061458403388268,0.0,1,0,8,520,cpu,256,6.20866175287038,1.6293276533613563,83.915024,241.17760920524597,241.17760920524597
concurrent_completion,11-Qwen3-1.7B-Q4_K_M.gguf,11-Qwen3-1.7B-Q4_K_M,GPU_100%_CPU_None,Q4_K_M,1.7B,1700000000,139.78416041706834,0.0,1,100,0,11,cuda,256,329.36103958320854,142.51263129532848,0.033398000000000004,1.831394910812378,1.831394910812378
concurrent_completion,11-Qwen3-1.7B-Q4_K_M.gguf,11-Qwen3-1.7B-Q4_K_M,GPU_100%_CPU_None,Q4_K_M,1.7B,1700000000,131.10956276169455,0.0,1,100,0,520,cuda,256,4983.038503555206,138.74037827347354,0.104354,1.9525654315948486,1.9525654315948486
concurrent_completion,11-Qwen3-1.7B-Q4_K_M.gguf,11-Qwen3-1.7B-Q4_K_M,CPU_8_cores,Q4_K_M,1.7B,1700000000,25.867112542394082,0.0,1,0,8,11,cpu,256,109.82428115015975,26.136576065655078,0.10016,9.89673662185669,9.89673662185669
concurrent_completion,11-Qwen3-1.7B-Q4_K_M.gguf,11-Qwen3-1.7B-Q4_K_M,CPU_8_cores,Q4_K_M,1.7B,1700000000,17.214121429681867,0.0,1,0,8,520,cpu,256,121.06740474323466,24.215477644148066,4.295128,14.871511220932007,14.871511220932007
concurrent_completion,12-Qwen3-1.7B-Q8_0.gguf,12-Qwen3-1.7B-Q8_0,GPU_100%_CPU_None,Q8_0,1.7B,1700000000,115.2833709919599,0.0,1,100,0,11,cuda,256,507.0526412833042,116.50253916373931,0.021693999999999998,2.2206151485443115,2.2206151485443115
concurrent_completion,12-Qwen3-1.7B-Q8_0.gguf,12-Qwen3-1.7B-Q8_0,GPU_100%_CPU_None,Q8_0,1.7B,1700000000,109.94907990223034,0.0,1,100,0,520,cuda,256,5904.260150785721,114.41156700942466,0.088072,2.32835054397583,2.32835054397583
concurrent_completion,12-Qwen3-1.7B-Q8_0.gguf,12-Qwen3-1.7B-Q8_0,CPU_8_cores,Q8_0,1.7B,1700000000,16.53428422065075,0.0,1,0,8,11,cpu,256,99.86744865905254,16.654755697178807,0.110146,15.482980489730835,15.482980489730835
concurrent_completion,12-Qwen3-1.7B-Q8_0.gguf,12-Qwen3-1.7B-Q8_0,CPU_8_cores,Q8_0,1.7B,1700000000,12.291118916436467,0.0,1,0,8,520,cpu,256,106.65749959131718,16.053052327996717,4.875419,20.828046798706055,20.828046798706055
concurrent_completion,13-Qwen3-1.7B-BF16.gguf,13-Qwen3-1.7B-BF16,GPU_100%_CPU_None,F16,1.7B,1700000000,74.17619063968445,0.0,1,100,0,11,cuda,256,78.47893554025613,77.35599622285174,0.14016499999999998,3.451242208480835,3.451242208480835
concurrent_completion,13-Qwen3-1.7B-BF16.gguf,13-Qwen3-1.7B-BF16,GPU_100%_CPU_None,F16,1.7B,1700000000,73.76833755713955,0.0,1,100,0,520,cuda,256,4187.0989041073835,76.57661834662107,0.124191,3.4703235626220703,3.4703235626220703
concurrent_completion,13-Qwen3-1.7B-BF16.gguf,13-Qwen3-1.7B-BF16,CPU_8_cores,F16,1.7B,1700000000,9.205786856123074,0.0,1,0,8,11,cpu,256,77.86838826594179,9.253388538471016,0.141264,27.808595180511475,27.808595180511475
concurrent_completion,13-Qwen3-1.7B-BF16.gguf,13-Qwen3-1.7B-BF16,CPU_8_cores,F16,1.7B,1700000000,7.448597911384062,0.0,1,0,8,520,cpu,256,85.63630491860351,9.048901749640502,6.072191,34.368884325027466,34.368884325027466
concurrent_completion,14-Qwen3-8B-Q4_K_M.gguf,14-Qwen3-8B-Q4_K_M,GPU_100%_CPU_None,Q4_K_M,8B,8000000000,47.43456769583933,0.0,1,100,0,11,cuda,256,300.0381866783045,47.77554451990243,0.036662,5.3969080448150635,5.3969080448150635
concurrent_completion,14-Qwen3-8B-Q4_K_M.gguf,14-Qwen3-8B-Q4_K_M,GPU_100%_CPU_None,Q4_K_M,8B,8000000000,45.09526792798864,0.0,1,100,0,520,cuda,256,1449.667273482519,48.16432765514793,0.358703,5.676870584487915,5.676870584487915
concurrent_completion,14-Qwen3-8B-Q4_K_M.gguf,14-Qwen3-8B-Q4_K_M,CPU_8_cores,Q4_K_M,8B,8000000000,6.543266160326848,0.0,1,0,8,11,cpu,256,17.74662975367678,6.648943941221257,0.619836,39.124191761016846,39.124191761016846
concurrent_completion,14-Qwen3-8B-Q4_K_M.gguf,14-Qwen3-8B-Q4_K_M,CPU_8_cores,Q4_K_M,8B,8000000000,4.375522627812159,0.0,1,0,8,520,cpu,256,27.953873742996276,6.416151860289296,18.602073,58.507296562194824,58.507296562194824
concurrent_completion,15-Qwen3-8B-Q8_0.gguf,15-Qwen3-8B-Q8_0,CPU_8_cores,Q8_0,8B,8000000000,4.0175482305333166,0.0,1,0,8,11,cpu,256,20.877738067898203,4.051330996749281,0.5268769999999999,63.720454692840576,63.720454692840576
concurrent_completion,15-Qwen3-8B-Q8_0.gguf,15-Qwen3-8B-Q8_0,CPU_8_cores,Q8_0,8B,8000000000,2.96386714937313,0.0,1,0,8,520,cpu,256,24.484930067037386,3.930534798698121,21.237553,86.37364196777344,86.37364196777344
concurrent_completion,16-Qwen3-8B-BF16.gguf,16-Qwen3-8B-BF16,CPU_8_cores,F16,8B,8000000000,2.1720006966475993,0.0,1,0,8,11,cpu,256,19.122486479532853,2.182686884997596,0.5752390000000001,117.86368227005005,117.86368227005005
concurrent_completion,16-Qwen3-8B-BF16.gguf,16-Qwen3-8B-BF16,CPU_8_cores,F16,8B,8000000000,1.7279173673321013,0.0,1,0,8,520,cpu,256,17.88633283637992,2.149872445380475,29.072477,148.15523290634155,148.15523290634155
concurrent_completion,02-DeepSeek-R1-Distill-Qwen-1.5B-Q8_0.gguf,02-DeepSeek-R1-Distill-Qwen-1.5B-Q8_0,GPU_100%_CPU_None,Q8_0,1.5B,1500000000,114.57326764166993,0.0,1,100,0,11,cuda,256,495.5401387512388,115.9300579469149,0.024216,2.2343780994415283,2.2343780994415283
concurrent_completion,02-DeepSeek-R1-Distill-Qwen-1.5B-Q8_0.gguf,02-DeepSeek-R1-Distill-Qwen-1.5B-Q8_0,GPU_100%_CPU_None,Q8_0,1.5B,1500000000,110.34469468431003,0.0,1,100,0,520,cuda,256,6205.853275046752,114.66143523868392,0.083953,2.320002794265747,2.320002794265747
concurrent_completion,02-DeepSeek-R1-Distill-Qwen-1.5B-Q8_0.gguf,02-DeepSeek-R1-Distill-Qwen-1.5B-Q8_0,CPU_8_cores,Q8_0,1.5B,1500000000,18.61469331905378,0.0,1,0,8,11,cpu,256,130.14619756192792,18.742789334122875,0.092204,13.75257682800293,13.75257682800293
concurrent_completion,02-DeepSeek-R1-Distill-Qwen-1.5B-Q8_0.gguf,02-DeepSeek-R1-Distill-Qwen-1.5B-Q8_0,CPU_8_cores,Q8_0,1.5B,1500000000,14.117423674874289,0.0,1,0,8,520,cpu,256,121.64271363647507,18.48987152283882,4.283035,18.133620262145996,18.133620262145996
concurrent_completion,03-DeepSeek-R1-Distill-Qwen-1.5B-BF16.gguf,03-DeepSeek-R1-Distill-Qwen-1.5B-BF16,GPU_100%_CPU_None,F16,1.5B,1500000000,68.69822315451334,0.0,1,100,0,11,cuda,256,74.79291711074961,71.82470955181661,0.160443,3.726442813873291,3.726442813873291
concurrent_completion,03-DeepSeek-R1-Distill-Qwen-1.5B-BF16.gguf,03-DeepSeek-R1-Distill-Qwen-1.5B-BF16,GPU_100%_CPU_None,F16,1.5B,1500000000,69.293819389536,0.0,1,100,0,520,cuda,256,4498.12650009497,71.60476630413956,0.115826,3.694413185119629,3.694413185119629
concurrent_completion,03-DeepSeek-R1-Distill-Qwen-1.5B-BF16.gguf,03-DeepSeek-R1-Distill-Qwen-1.5B-BF16,CPU_8_cores,F16,1.5B,1500000000,7.835192385374057,0.0,1,0,8,11,cpu,256,1.8120450256947984,9.82772874470536,6.622352,32.673096895217896,32.673096895217896
concurrent_completion,03-DeepSeek-R1-Distill-Qwen-1.5B-BF16.gguf,03-DeepSeek-R1-Distill-Qwen-1.5B-BF16,CPU_8_cores,F16,1.5B,1500000000,7.135372236314722,0.0,1,0,8,520,cpu,256,51.98675724668954,9.903043019437817,10.021783,35.87759566307068,35.87759566307068
concurrent_completion,04-DeepSeek-R1-Distill-Qwen-7B-Q4_K_M.gguf,04-DeepSeek-R1-Distill-Qwen-7B-Q4_K_M,GPU_100%_CPU_None,Q4_K_M,7B,7000000000,50.55482543656631,0.0,1,100,0,11,cuda,256,263.88705633988656,51.0347189591788,0.045473999999999994,5.063809394836426,5.063809394836426
concurrent_completion,04-DeepSeek-R1-Distill-Qwen-7B-Q4_K_M.gguf,04-DeepSeek-R1-Distill-Qwen-7B-Q4_K_M,GPU_100%_CPU_None,Q4_K_M,7B,7000000000,47.8562924874074,0.0,1,100,0,520,cuda,256,1708.2191241852354,50.78316165252376,0.304996,5.349348783493042,5.349348783493042
concurrent_completion,04-DeepSeek-R1-Distill-Qwen-7B-Q4_K_M.gguf,04-DeepSeek-R1-Distill-Qwen-7B-Q4_K_M,CPU_8_cores,Q4_K_M,7B,7000000000,7.047479065546058,0.0,1,0,8,11,cpu,256,23.521017989658592,7.148240062808459,0.510182,36.3250458240509,36.3250458240509
concurrent_completion,04-DeepSeek-R1-Distill-Qwen-7B-Q4_K_M.gguf,04-DeepSeek-R1-Distill-Qwen-7B-Q4_K_M,CPU_8_cores,Q4_K_M,7B,7000000000,4.762624207246571,0.0,1,0,8,520,cpu,256,30.282887506454728,7.005469219076539,17.204436,53.7518789768219,53.7518789768219
concurrent_completion,05-DeepSeek-R1-Distill-Qwen-7B-Q8_0.gguf,05-DeepSeek-R1-Distill-Qwen-7B-Q8_0,CPU_8_cores,Q8_0,7B,7000000000,4.281395750985699,0.0,1,0,8,11,cpu,256,31.657090396821626,4.308847917916716,0.379062,59.7935848236084,59.7935848236084
concurrent_completion,05-DeepSeek-R1-Distill-Qwen-7B-Q8_0.gguf,05-DeepSeek-R1-Distill-Qwen-7B-Q8_0,CPU_8_cores,Q8_0,7B,7000000000,3.188511216192901,0.0,1,0,8,520,cpu,256,26.528108134475207,4.221437621135472,19.639546,80.28825449943542,80.28825449943542
concurrent_completion,06-DeepSeek-R1-Distill-Qwen-7B-F16.gguf,06-DeepSeek-R1-Distill-Qwen-7B-F16,CPU_8_cores,F16,7B,7000000000,2.324860784706411,0.0,1,0,8,11,cpu,256,21.25929429772579,2.336877570262948,0.5644589999999999,110.11412024497986,110.11412024497986
concurrent_completion,06-DeepSeek-R1-Distill-Qwen-7B-F16.gguf,06-DeepSeek-R1-Distill-Qwen-7B-F16,CPU_8_cores,F16,7B,7000000000,1.8772195366021147,0.0,1,0,8,520,cpu,256,20.33686911206653,2.31152491741242,25.618496,136.3719027042389,136.3719027042389
concurrent_completion,08-DeepSeek-R1-Distill-Qwen-14B-F16.gguf,08-DeepSeek-R1-Distill-Qwen-14B-F16,CPU_8_cores,F16,14B,14000000000,1.1698976822740017,0.0,1,0,8,11,cpu,256,11.012831784500909,1.1757622995162234,1.0896379999999999,218.82255506515503,218.82255506515503
concurrent_completion,08-DeepSeek-R1-Distill-Qwen-14B-F16.gguf,08-DeepSeek-R1-Distill-Qwen-14B-F16,CPU_8_cores,F16,14B,14000000000,0.9352182571546253,0.0,1,0,8,520,cpu,256,9.818533894257444,1.1601298237841196,53.062912,273.7328939437866,273.7328939437866
concurrent_completion,09-DeepSeek-R1-Distill-Qwen-14B-Q4_K_M.gguf,09-DeepSeek-R1-Distill-Qwen-14B-Q4_K_M,CPU_8_cores,Q4_K_M,14B,14000000000,3.6605051819342638,0.0,1,0,8,11,cpu,256,14.201116207733929,3.788142997127682,0.845004,25.133142948150635,25.133142948150635
concurrent_completion,09-DeepSeek-R1-Distill-Qwen-14B-Q4_K_M.gguf,09-DeepSeek-R1-Distill-Qwen-14B-Q4_K_M,CPU_8_cores,Q4_K_M,14B,14000000000,2.364573900978973,0.0,1,0,8,520,cpu,256,14.436377098896138,3.547156529352866,36.089387,108.26474905014038,108.26474905014038
concurrent_completion,01-DeepSeek-R1-Distill-Qwen-1.5B-Q4_K_M.gguf,01-DeepSeek-R1-Distill-Qwen-1.5B-Q4_K_M,GPU_100%_CPU_None,Q4_K_M,1.5B,1500000000,325.98303387699167,0.0,4,100,0,11,cuda,256,612.9172306356463,82.50640270633893,0.0195785,3.141267776489258,0.7853169441223145
concurrent_completion,01-DeepSeek-R1-Distill-Qwen-1.5B-Q4_K_M.gguf,01-DeepSeek-R1-Distill-Qwen-1.5B-Q4_K_M,GPU_100%_CPU_None,Q4_K_M,1.5B,1500000000,283.7134426170165,0.0,4,100,0,520,cuda,256,1595.0196201189835,78.28075284985132,0.32664175,3.6092755794525146,0.9023188948631287
concurrent_completion,01-DeepSeek-R1-Distill-Qwen-1.5B-Q4_K_M.gguf,01-DeepSeek-R1-Distill-Qwen-1.5B-Q4_K_M,GPU_100%_CPU_None,Q4_K_M,1.5B,1500000000,1008.7208150714137,0.0,16,100,0,11,cuda,256,348.2569918939557,64.07849214797551,0.034457312500000004,4.060588359832764,0.25378677248954773
concurrent_completion,01-DeepSeek-R1-Distill-Qwen-1.5B-Q4_K_M.gguf,01-DeepSeek-R1-Distill-Qwen-1.5B-Q4_K_M,GPU_100%_CPU_None,Q4_K_M,1.5B,1500000000,612.7552716347326,0.0,16,100,0,520,cuda,256,808.9777116741717,48.098885672354186,0.6440226874999998,6.684561014175415,0.41778506338596344
concurrent_completion,01-DeepSeek-R1-Distill-Qwen-1.5B-Q4_K_M.gguf,01-DeepSeek-R1-Distill-Qwen-1.5B-Q4_K_M,GPU_100%_CPU_None,Q4_K_M,1.5B,1500000000,1492.606806460691,0.0,64,100,0,11,cuda,256,119.10562839230047,24.03856196579979,0.10075090624999997,10.840095281600952,0.16937648877501488
concurrent_completion,01-DeepSeek-R1-Distill-Qwen-1.5B-Q4_K_M.gguf,01-DeepSeek-R1-Distill-Qwen-1.5B-Q4_K_M,GPU_100%_CPU_None,Q4_K_M,1.5B,1500000000,546.6085076937205,0.0,64,100,0,520,cuda,256,422.2202150666492,11.391111936543393,1.2339532343750004,29.973920583724976,0.46834250912070274
concurrent_completion,01-DeepSeek-R1-Distill-Qwen-1.5B-Q4_K_M.gguf,01-DeepSeek-R1-Distill-Qwen-1.5B-Q4_K_M,CPU_8_cores,Q4_K_M,1.5B,1500000000,62.84482954969705,0.0,4,0,8,11,cpu,256,57.730401430751776,16.00864516866124,0.20786275,16.294100999832153,4.073525249958038
concurrent_completion,01-DeepSeek-R1-Distill-Qwen-1.5B-Q4_K_M.gguf,01-DeepSeek-R1-Distill-Qwen-1.5B-Q4_K_M,CPU_8_cores,Q4_K_M,1.5B,1500000000,23.663201550537167,0.0,4,0,8,520,cpu,256,57.18479161137523,8.599718357544159,9.110814,43.27394151687622,10.818485379219055
concurrent_completion,01-DeepSeek-R1-Distill-Qwen-1.5B-Q4_K_M.gguf,01-DeepSeek-R1-Distill-Qwen-1.5B-Q4_K_M,CPU_8_cores,Q4_K_M,1.5B,1500000000,74.19025674612365,0.0,16,0,8,11,cpu,256,6.309747060643768,5.026363397553515,1.9018195,52.958436489105225,3.3099022805690765
concurrent_completion,01-DeepSeek-R1-Distill-Qwen-1.5B-Q4_K_M.gguf,01-DeepSeek-R1-Distill-Qwen-1.5B-Q4_K_M,CPU_8_cores,Q4_K_M,1.5B,1500000000,32.56818751541764,0.0,16,0,8,520,cpu,256,23.640062645145086,3.232825090661446,22.0388586875,125.7669005393982,7.860431283712387
concurrent_completion,01-DeepSeek-R1-Distill-Qwen-1.5B-Q4_K_M.gguf,01-DeepSeek-R1-Distill-Qwen-1.5B-Q4_K_M,CPU_8_cores,Q4_K_M,1.5B,1500000000,89.41362156986612,0.0,64,0,8,11,cpu,256,2.5027056839134536,1.4786166286171594,4.794810703125,178.49629306793213,2.7890045791864395
concurrent_completion,01-DeepSeek-R1-Distill-Qwen-1.5B-Q4_K_M.gguf,01-DeepSeek-R1-Distill-Qwen-1.5B-Q4_K_M,CPU_8_cores,Q4_K_M,1.5B,1500000000,26.490936495844192,0.0,64,0,8,520,cpu,256,19.093646312095853,0.5914833963921123,27.286563890625008,616.3617508411407,9.630652356892824
concurrent_completion,02-DeepSeek-R1-Distill-Qwen-1.5B-Q8_0.gguf,02-DeepSeek-R1-Distill-Qwen-1.5B-Q8_0,GPU_100%_CPU_None,Q8_0,1.5B,1500000000,352.4302663148939,0.0,4,100,0,11,cuda,256,652.0675976742923,107.24012938213592,0.018403,2.420336961746216,0.605084240436554
concurrent_completion,02-DeepSeek-R1-Distill-Qwen-1.5B-Q8_0.gguf,02-DeepSeek-R1-Distill-Qwen-1.5B-Q8_0,GPU_100%_CPU_None,Q8_0,1.5B,1500000000,338.79839921862003,0.0,4,100,0,520,cuda,256,1702.7367980704496,94.73102171754928,0.30597799999999997,3.022446393966675,0.7556115984916687
concurrent_completion,02-DeepSeek-R1-Distill-Qwen-1.5B-Q8_0.gguf,02-DeepSeek-R1-Distill-Qwen-1.5B-Q8_0,GPU_100%_CPU_None,Q8_0,1.5B,1500000000,883.3803912111675,0.0,16,100,0,11,cuda,256,349.9237275625079,59.21188612924904,0.034293187499999996,4.387690782546997,0.2742306739091873
concurrent_completion,02-DeepSeek-R1-Distill-Qwen-1.5B-Q8_0.gguf,02-DeepSeek-R1-Distill-Qwen-1.5B-Q8_0,GPU_100%_CPU_None,Q8_0,1.5B,1500000000,590.297097416977,0.0,16,100,0,520,cuda,256,947.8530718580876,44.875868264785154,0.54966325,6.938878774642944,0.433679923415184
concurrent_completion,02-DeepSeek-R1-Distill-Qwen-1.5B-Q8_0.gguf,02-DeepSeek-R1-Distill-Qwen-1.5B-Q8_0,GPU_100%_CPU_None,Q8_0,1.5B,1500000000,1500.3801477814304,0.0,64,100,0,11,cuda,256,106.56469017842647,24.914583183192203,0.11260765625000001,10.456016778945923,0.16337526217103004
concurrent_completion,02-DeepSeek-R1-Distill-Qwen-1.5B-Q8_0.gguf,02-DeepSeek-R1-Distill-Qwen-1.5B-Q8_0,GPU_100%_CPU_None,Q8_0,1.5B,1500000000,571.0230037770401,0.0,64,100,0,520,cuda,256,501.09205125902395,11.85595781772936,1.0397291249999998,28.69236421585083,0.4483181908726692
concurrent_completion,02-DeepSeek-R1-Distill-Qwen-1.5B-Q8_0.gguf,02-DeepSeek-R1-Distill-Qwen-1.5B-Q8_0,CPU_8_cores,Q8_0,1.5B,1500000000,62.7320746004119,0.0,4,0,8,11,cpu,256,50.25688597864293,16.033457567055276,0.23877324999999996,16.32338809967041,4.0808470249176025
concurrent_completion,02-DeepSeek-R1-Distill-Qwen-1.5B-Q8_0.gguf,02-DeepSeek-R1-Distill-Qwen-1.5B-Q8_0,CPU_8_cores,Q8_0,1.5B,1500000000,26.06515376767536,0.0,4,0,8,520,cpu,256,44.60422822399747,10.4652621514954,11.680507,39.28616762161255,9.821541905403137
concurrent_completion,02-DeepSeek-R1-Distill-Qwen-1.5B-Q8_0.gguf,02-DeepSeek-R1-Distill-Qwen-1.5B-Q8_0,CPU_8_cores,Q8_0,1.5B,1500000000,81.00928357584523,0.0,16,0,8,11,cpu,256,11.587882044775938,5.669908524028945,1.0355645625,46.43912196159363,2.9024451225996017
concurrent_completion,02-DeepSeek-R1-Distill-Qwen-1.5B-Q8_0.gguf,02-DeepSeek-R1-Distill-Qwen-1.5B-Q8_0,CPU_8_cores,Q8_0,1.5B,1500000000,28.422386522220066,0.0,16,0,8,520,cpu,256,19.826453741779588,2.8987689200156286,26.278022625000002,144.1117548942566,9.006984680891037
concurrent_completion,02-DeepSeek-R1-Distill-Qwen-1.5B-Q8_0.gguf,02-DeepSeek-R1-Distill-Qwen-1.5B-Q8_0,CPU_8_cores,Q8_0,1.5B,1500000000,84.08443572426194,0.0,64,0,8,11,cpu,256,2.8754561215673364,1.4292924058100862,4.173250953124999,185.05208325386047,2.89143880084157
concurrent_completion,02-DeepSeek-R1-Distill-Qwen-1.5B-Q8_0.gguf,02-DeepSeek-R1-Distill-Qwen-1.5B-Q8_0,CPU_8_cores,Q8_0,1.5B,1500000000,24.198244804696404,0.0,64,0,8,520,cpu,256,17.814949321117396,0.5492699141865143,29.245101437499997,677.0739006996155,10.579279698431492
concurrent_completion,03-DeepSeek-R1-Distill-Qwen-1.5B-BF16.gguf,03-DeepSeek-R1-Distill-Qwen-1.5B-BF16,GPU_100%_CPU_None,F16,1.5B,1500000000,252.5561313069024,0.0,4,100,0,11,cuda,256,215.45146058135984,65.9520232522102,0.055697,4.05454421043396,1.01363605260849
concurrent_completion,03-DeepSeek-R1-Distill-Qwen-1.5B-BF16.gguf,03-DeepSeek-R1-Distill-Qwen-1.5B-BF16,GPU_100%_CPU_None,F16,1.5B,1500000000,226.82716061249187,0.0,4,100,0,520,cuda,256,1230.357234577289,62.82698099790596,0.42345425,4.514450550079346,1.1286126375198364
concurrent_completion,03-DeepSeek-R1-Distill-Qwen-1.5B-BF16.gguf,03-DeepSeek-R1-Distill-Qwen-1.5B-BF16,GPU_100%_CPU_None,F16,1.5B,1500000000,760.8142928954505,0.0,16,100,0,11,cuda,256,254.39594874451626,48.241531402916735,0.0471705625,5.383705377578735,0.33648158609867096
concurrent_completion,03-DeepSeek-R1-Distill-Qwen-1.5B-BF16.gguf,03-DeepSeek-R1-Distill-Qwen-1.5B-BF16,GPU_100%_CPU_None,F16,1.5B,1500000000,491.42342835269324,0.0,16,100,0,520,cuda,256,821.2328896679129,37.60506523335793,0.6344120000000001,8.334970951080322,0.5209356844425201
concurrent_completion,03-DeepSeek-R1-Distill-Qwen-1.5B-BF16.gguf,03-DeepSeek-R1-Distill-Qwen-1.5B-BF16,GPU_100%_CPU_None,F16,1.5B,1500000000,1405.6820998281626,0.0,64,100,0,11,cuda,256,77.24378873944472,22.794086551924195,0.15535229687500002,11.448534488677979,0.17888335138559341
concurrent_completion,03-DeepSeek-R1-Distill-Qwen-1.5B-BF16.gguf,03-DeepSeek-R1-Distill-Qwen-1.5B-BF16,GPU_100%_CPU_None,F16,1.5B,1500000000,523.6229566586237,0.0,64,100,0,520,cuda,256,415.3186466426382,11.081367263759352,1.2544584843749997,31.289690017700195,0.48890140652656555
concurrent_completion,03-DeepSeek-R1-Distill-Qwen-1.5B-BF16.gguf,03-DeepSeek-R1-Distill-Qwen-1.5B-BF16,CPU_8_cores,F16,1.5B,1500000000,36.88217619583553,0.0,4,0,8,11,cpu,256,39.62720704968013,9.367435384272325,0.30282225,27.76408839225769,6.941022098064423
concurrent_completion,03-DeepSeek-R1-Distill-Qwen-1.5B-BF16.gguf,03-DeepSeek-R1-Distill-Qwen-1.5B-BF16,CPU_8_cores,F16,1.5B,1500000000,18.764588933471668,0.0,4,0,8,520,cpu,256,22.771416435206433,8.098972993278549,22.879560500000004,54.57087302207947,13.642718255519867
concurrent_completion,03-DeepSeek-R1-Distill-Qwen-1.5B-BF16.gguf,03-DeepSeek-R1-Distill-Qwen-1.5B-BF16,CPU_8_cores,F16,1.5B,1500000000,64.81058349344713,0.0,16,0,8,11,cpu,256,9.1046496971803,4.167205528427283,1.318007875,63.199554443359375,3.949972152709961
concurrent_completion,03-DeepSeek-R1-Distill-Qwen-1.5B-BF16.gguf,03-DeepSeek-R1-Distill-Qwen-1.5B-BF16,CPU_8_cores,F16,1.5B,1500000000,23.28837833362102,0.0,16,0,8,520,cpu,256,16.088216787763947,2.391644718640595,32.38394950000001,175.8817183971405,10.992607399821281
concurrent_completion,03-DeepSeek-R1-Distill-Qwen-1.5B-BF16.gguf,03-DeepSeek-R1-Distill-Qwen-1.5B-BF16,CPU_8_cores,F16,1.5B,1500000000,68.7737468351072,0.0,64,0,8,11,cpu,256,1.6494712545796104,1.1698565120355202,7.275058578125,226.8016607761383,3.543775949627161
concurrent_completion,03-DeepSeek-R1-Distill-Qwen-1.5B-BF16.gguf,03-DeepSeek-R1-Distill-Qwen-1.5B-BF16,CPU_8_cores,F16,1.5B,1500000000,20.663367629863465,0.0,64,0,8,520,cpu,256,14.801222005472676,0.4721870925661538,35.199796328125,792.9007649421692,12.389074452221394
concurrent_completion,04-DeepSeek-R1-Distill-Qwen-7B-Q4_K_M.gguf,04-DeepSeek-R1-Distill-Qwen-7B-Q4_K_M,CPU_8_cores,Q4_K_M,7B,7000000000,19.94183456979608,0.0,4,0,8,11,cpu,256,13.873894965943924,5.111898356770289,0.86493375,51.3493378162384,12.8373344540596
concurrent_completion,04-DeepSeek-R1-Distill-Qwen-7B-Q4_K_M.gguf,04-DeepSeek-R1-Distill-Qwen-7B-Q4_K_M,CPU_8_cores,Q4_K_M,7B,7000000000,7.796139495855996,0.0,4,0,8,520,cpu,256,11.826185959748873,3.459512766343673,44.05477825,131.3470597267151,32.83676493167877
concurrent_completion,04-DeepSeek-R1-Distill-Qwen-7B-Q4_K_M.gguf,04-DeepSeek-R1-Distill-Qwen-7B-Q4_K_M,CPU_8_cores,Q4_K_M,7B,7000000000,21.457239114615202,0.0,16,0,8,11,cpu,256,2.1418974484936695,1.4539159019361676,5.602509124999999,183.29478359222412,11.455923974514008
concurrent_completion,04-DeepSeek-R1-Distill-Qwen-7B-Q4_K_M.gguf,04-DeepSeek-R1-Distill-Qwen-7B-Q4_K_M,CPU_8_cores,Q4_K_M,7B,7000000000,7.976735209381424,0.0,16,0,8,520,cpu,256,6.50505242646181,0.797797673911652,80.09159125000001,513.493289232254,32.09333057701588
concurrent_completion,04-DeepSeek-R1-Distill-Qwen-7B-Q4_K_M.gguf,04-DeepSeek-R1-Distill-Qwen-7B-Q4_K_M,CPU_8_cores,Q4_K_M,7B,7000000000,22.11016424728005,0.0,64,0,8,11,cpu,256,0.5968884146323737,0.3919549967707706,20.10426020312499,675.9334681034088,10.561460439115763
concurrent_completion,05-DeepSeek-R1-Distill-Qwen-7B-Q8_0.gguf,05-DeepSeek-R1-Distill-Qwen-7B-Q8_0,CPU_8_cores,Q8_0,7B,7000000000,14.899243010009412,0.0,4,0,8,11,cpu,256,11.767137180549804,3.8054734719552363,1.01978925,68.7283239364624,17.1820809841156
concurrent_completion,05-DeepSeek-R1-Distill-Qwen-7B-Q8_0.gguf,05-DeepSeek-R1-Distill-Qwen-7B-Q8_0,CPU_8_cores,Q8_0,7B,7000000000,6.374995081048994,0.0,4,0,8,520,cpu,256,9.867901144256532,2.7823959406538754,52.797448249999995,160.6275749206543,40.156893730163574
concurrent_completion,05-DeepSeek-R1-Distill-Qwen-7B-Q8_0.gguf,05-DeepSeek-R1-Distill-Qwen-7B-Q8_0,CPU_8_cores,Q8_0,7B,7000000000,19.119214562845485,0.0,16,0,8,11,cpu,256,2.5132092050580535,1.3774708487989848,4.774771625,191.06433415412903,11.941520884633064
concurrent_completion,05-DeepSeek-R1-Distill-Qwen-7B-Q8_0.gguf,05-DeepSeek-R1-Distill-Qwen-7B-Q8_0,CPU_8_cores,Q8_0,7B,7000000000,6.845017721996558,0.0,16,0,8,520,cpu,256,4.587332971820752,0.7277275716957463,113.57361743749999,593.4243218898773,37.08902011811733
concurrent_completion,05-DeepSeek-R1-Distill-Qwen-7B-Q8_0.gguf,05-DeepSeek-R1-Distill-Qwen-7B-Q8_0,CPU_8_cores,Q8_0,7B,7000000000,20.319599827719713,0.0,64,0,8,11,cpu,256,0.48283160001828906,0.3790306180531261,24.853385734374996,698.3405244350433,10.911570694297552
concurrent_completion,06-DeepSeek-R1-Distill-Qwen-7B-F16.gguf,06-DeepSeek-R1-Distill-Qwen-7B-F16,CPU_8_cores,F16,7B,7000000000,7.188928862900134,0.0,4,0,8,11,cpu,256,9.688211162635799,2.2643908289706185,1.23861875,114.4815890789032,28.6203972697258
concurrent_completion,06-DeepSeek-R1-Distill-Qwen-7B-F16.gguf,06-DeepSeek-R1-Distill-Qwen-7B-F16,CPU_8_cores,F16,7B,7000000000,4.423328511892573,0.0,4,0,8,520,cpu,256,9.704015558423931,1.6972440964177653,53.68911425,231.4998755455017,57.87496888637543
concurrent_completion,06-DeepSeek-R1-Distill-Qwen-7B-F16.gguf,06-DeepSeek-R1-Distill-Qwen-7B-F16,CPU_8_cores,F16,7B,7000000000,15.668395751748795,0.0,16,0,8,11,cpu,256,1.397694424426597,1.1679336928239203,8.585567625,224.97517013549805,14.060948133468628
concurrent_completion,06-DeepSeek-R1-Distill-Qwen-7B-F16.gguf,06-DeepSeek-R1-Distill-Qwen-7B-F16,CPU_8_cores,F16,7B,7000000000,5.517718916212652,0.0,16,0,8,520,cpu,256,3.6237823080733045,0.58829356933029,143.77243324999998,742.3357481956482,46.39598426222801
concurrent_completion,06-DeepSeek-R1-Distill-Qwen-7B-F16.gguf,06-DeepSeek-R1-Distill-Qwen-7B-F16,CPU_8_cores,F16,7B,7000000000,16.237507089567085,0.0,64,0,8,11,cpu,256,0.3856712634176746,0.2868802078180941,31.114581609375,925.1420133113861,14.455343957990408
concurrent_completion,09-DeepSeek-R1-Distill-Qwen-14B-Q4_K_M.gguf,09-DeepSeek-R1-Distill-Qwen-14B-Q4_K_M,CPU_8_cores,Q4_K_M,14B,14000000000,6.181872502121409,0.0,4,0,8,11,cpu,256,6.987953350752748,2.127542954239865,1.717241,126.17536187171936,31.54384046792984
concurrent_completion,09-DeepSeek-R1-Distill-Qwen-14B-Q4_K_M.gguf,09-DeepSeek-R1-Distill-Qwen-14B-Q4_K_M,CPU_8_cores,Q4_K_M,14B,14000000000,3.861087662778425,0.0,4,0,8,520,cpu,256,3.7097841089535684,2.0554841080788155,140.43943925,265.2102437019348,66.3025609254837
concurrent_completion,09-DeepSeek-R1-Distill-Qwen-14B-Q4_K_M.gguf,09-DeepSeek-R1-Distill-Qwen-14B-Q4_K_M,CPU_8_cores,Q4_K_M,14B,14000000000,11.284223552407783,0.0,16,0,8,11,cpu,256,1.0760546757952347,0.7454619944208843,11.151849687499999,357.13578176498413,22.320986360311508
concurrent_completion,09-DeepSeek-R1-Distill-Qwen-14B-Q4_K_M.gguf,09-DeepSeek-R1-Distill-Qwen-14B-Q4_K_M,CPU_8_cores,Q4_K_M,14B,14000000000,3.8485361276629244,0.0,16,0,8,520,cpu,256,3.3292414708471885,0.3794890442677977,156.49210324999999,1064.3007793426514,66.51879870891571
concurrent_completion,10-DeepSeek-R1-Distill-Qwen-32B-Q4_K_M.gguf,10-DeepSeek-R1-Distill-Qwen-32B-Q4_K_M,CPU_8_cores,Q4_K_M,32B,32000000000,4.047122326081019,0.0,4,0,8,11,cpu,256,0.8352502471514182,1.0959698488334249,14.36695175,253.01928567886353,63.25482141971588
concurrent_completion,10-DeepSeek-R1-Distill-Qwen-32B-Q4_K_M.gguf,10-DeepSeek-R1-Distill-Qwen-32B-Q4_K_M,CPU_8_cores,Q4_K_M,32B,32000000000,1.703726452668966,0.0,4,0,8,520,cpu,256,3.0770358182797386,0.7395729377383112,169.31879599999996,601.0354528427124,150.2588632106781
concurrent_completion,10-DeepSeek-R1-Distill-Qwen-32B-Q4_K_M.gguf,10-DeepSeek-R1-Distill-Qwen-32B-Q4_K_M,CPU_8_cores,Q4_K_M,32B,32000000000,3.9853581467481836,0.0,16,0,8,11,cpu,256,0.6104474125831914,0.27597416926572726,19.657712937499998,959.0104224681854,59.93815140426159
concurrent_completion,11-Qwen3-1.7B-Q4_K_M.gguf,11-Qwen3-1.7B-Q4_K_M,CPU_8_cores,Q4_K_M,1.7B,1700000000,76.45420967649227,0.0,4,0,8,11,cpu,256,62.54450965815161,19.496859549060105,0.17587475,13.393637895584106,3.3484094738960266
concurrent_completion,11-Qwen3-1.7B-Q4_K_M.gguf,11-Qwen3-1.7B-Q4_K_M,CPU_8_cores,Q4_K_M,1.7B,1700000000,26.724736940251177,0.0,4,0,8,520,cpu,256,52.075883675795275,9.932975405419388,9.98542825,38.31656050682068,9.57914012670517
concurrent_completion,11-Qwen3-1.7B-Q4_K_M.gguf,11-Qwen3-1.7B-Q4_K_M,CPU_8_cores,Q4_K_M,1.7B,1700000000,79.10261435946971,0.0,16,0,8,11,cpu,256,9.427737915528219,5.071488945088288,1.1667698125,51.780842304229736,3.2363026440143585
concurrent_completion,11-Qwen3-1.7B-Q4_K_M.gguf,11-Qwen3-1.7B-Q4_K_M,CPU_8_cores,Q4_K_M,1.7B,1700000000,25.269918258296425,0.0,16,0,8,520,cpu,256,20.796746349033693,2.349317260127512,25.00391125,162.08995842933655,10.130622401833534
concurrent_completion,11-Qwen3-1.7B-Q4_K_M.gguf,11-Qwen3-1.7B-Q4_K_M,CPU_8_cores,Q4_K_M,1.7B,1700000000,76.38857621264411,0.0,64,0,8,11,cpu,256,2.6678566317796157,1.2215002255437093,4.12316009375,214.48233246803284,3.351286444813013
concurrent_completion,11-Qwen3-1.7B-Q4_K_M.gguf,11-Qwen3-1.7B-Q4_K_M,CPU_8_cores,Q4_K_M,1.7B,1700000000,21.050040898791824,0.0,64,0,8,520,cpu,256,17.310419675062953,0.4564603930076871,30.039710749999994,778.3357799053192,12.161496561020613
concurrent_completion,12-Qwen3-1.7B-Q8_0.gguf,12-Qwen3-1.7B-Q8_0,CPU_8_cores,Q8_0,1.7B,1700000000,55.52178857687446,0.0,4,0,8,11,cpu,256,51.57134367963881,14.131552025439888,0.21329675,18.443209886550903,4.610802471637726
concurrent_completion,12-Qwen3-1.7B-Q8_0.gguf,12-Qwen3-1.7B-Q8_0,CPU_8_cores,Q8_0,1.7B,1700000000,21.07293618064445,0.0,4,0,8,520,cpu,256,50.021227758530024,7.7613274774420695,10.3955865,48.59313344955444,12.14828336238861
concurrent_completion,12-Qwen3-1.7B-Q8_0.gguf,12-Qwen3-1.7B-Q8_0,CPU_8_cores,Q8_0,1.7B,1700000000,71.17889224341423,0.0,16,0,8,11,cpu,256,10.708244508647942,4.559575852224468,1.027245875,57.54514956474304,3.59657184779644
concurrent_completion,12-Qwen3-1.7B-Q8_0.gguf,12-Qwen3-1.7B-Q8_0,CPU_8_cores,Q8_0,1.7B,1700000000,22.480596770016913,0.0,16,0,8,520,cpu,256,17.360543018755802,2.15824111745834,29.952980124999996,182.2015688419342,11.387598052620888
concurrent_completion,12-Qwen3-1.7B-Q8_0.gguf,12-Qwen3-1.7B-Q8_0,CPU_8_cores,Q8_0,1.7B,1700000000,71.87458094692724,0.0,64,0,8,11,cpu,256,2.051378792441013,1.1537861017908952,5.362247109375001,227.9526333808899,3.5617598965764046
concurrent_completion,12-Qwen3-1.7B-Q8_0.gguf,12-Qwen3-1.7B-Q8_0,CPU_8_cores,Q8_0,1.7B,1700000000,19.276121218447763,0.0,64,0,8,520,cpu,256,14.266178806561541,0.4274521461182232,36.449844562500004,849.9635281562805,13.280680127441883
concurrent_completion,13-Qwen3-1.7B-BF16.gguf,13-Qwen3-1.7B-BF16,CPU_8_cores,F16,1.7B,1700000000,33.72370497552732,0.0,4,0,8,11,cpu,256,40.13053368137451,8.545280062124187,0.2741055,30.36439800262451,7.591099500656128
concurrent_completion,13-Qwen3-1.7B-BF16.gguf,13-Qwen3-1.7B-BF16,CPU_8_cores,F16,1.7B,1700000000,15.868941511594583,0.0,4,0,8,520,cpu,256,39.907763948032105,5.6941690285605295,13.030046,64.52856349945068,16.13214087486267
concurrent_completion,13-Qwen3-1.7B-BF16.gguf,13-Qwen3-1.7B-BF16,CPU_8_cores,F16,1.7B,1700000000,57.8452385054954,0.0,16,0,8,11,cpu,256,8.277245199233057,3.7090705670253046,1.3289445625,70.80963110923767,4.425601944327354
concurrent_completion,13-Qwen3-1.7B-BF16.gguf,13-Qwen3-1.7B-BF16,CPU_8_cores,F16,1.7B,1700000000,18.81903912674419,0.0,16,0,8,520,cpu,256,14.18678874089179,1.8354243417843326,36.653819937499996,217.65192008018494,13.603245005011559
concurrent_completion,13-Qwen3-1.7B-BF16.gguf,13-Qwen3-1.7B-BF16,CPU_8_cores,F16,1.7B,1700000000,58.220477287160215,0.0,64,0,8,11,cpu,256,1.5014429794770976,0.9358056426777752,7.326285546875002,281.4130141735077,4.397078346461058
concurrent_completion,13-Qwen3-1.7B-BF16.gguf,13-Qwen3-1.7B-BF16,CPU_8_cores,F16,1.7B,1700000000,16.60289628201743,0.0,64,0,8,520,cpu,256,12.790659045652253,0.3704277222062164,40.65466823437501,986.8157773017883,15.418996520340443
concurrent_completion,14-Qwen3-8B-Q4_K_M.gguf,14-Qwen3-8B-Q4_K_M,CPU_8_cores,Q4_K_M,8B,8000000000,18.2756196331128,0.0,4,0,8,11,cpu,256,12.103716748820643,4.686756466568254,0.90881175,56.03093194961548,14.00773298740387
concurrent_completion,14-Qwen3-8B-Q4_K_M.gguf,14-Qwen3-8B-Q4_K_M,CPU_8_cores,Q4_K_M,8B,8000000000,6.982720751187406,0.0,4,0,8,520,cpu,256,10.937383683487976,3.0176250580001387,47.54336275,146.64770889282227,36.661927223205566
concurrent_completion,14-Qwen3-8B-Q4_K_M.gguf,14-Qwen3-8B-Q4_K_M,CPU_8_cores,Q4_K_M,8B,8000000000,21.779589592557304,0.0,16,0,8,11,cpu,256,2.005509933433137,1.4072416129120497,5.4848893125,188.0659863948822,11.754124149680138
concurrent_completion,14-Qwen3-8B-Q4_K_M.gguf,14-Qwen3-8B-Q4_K_M,CPU_8_cores,Q4_K_M,8B,8000000000,6.943517311712818,0.0,16,0,8,520,cpu,256,4.91160268392002,0.7025426695812389,105.8717558125,589.9027562141418,36.868922263383865
concurrent_completion,14-Qwen3-8B-Q4_K_M.gguf,14-Qwen3-8B-Q4_K_M,CPU_8_cores,Q4_K_M,8B,8000000000,20.849937118013187,0.0,64,0,8,11,cpu,256,0.5863271285353793,0.33523567499303997,18.760858000000002,785.8057272434235,12.278214488178492
concurrent_completion,15-Qwen3-8B-Q8_0.gguf,15-Qwen3-8B-Q8_0,CPU_8_cores,Q8_0,8B,8000000000,13.753962367399344,0.0,4,0,8,11,cpu,256,11.431825787289057,3.5099699909219972,0.9622259999999999,74.45127248764038,18.612818121910095
concurrent_completion,15-Qwen3-8B-Q8_0.gguf,15-Qwen3-8B-Q8_0,CPU_8_cores,Q8_0,8B,8000000000,5.6534661539870585,0.0,4,0,8,520,cpu,256,8.898622803358384,2.4333382183073327,58.43600875,181.1278200149536,45.2819550037384
concurrent_completion,15-Qwen3-8B-Q8_0.gguf,15-Qwen3-8B-Q8_0,CPU_8_cores,Q8_0,8B,8000000000,18.781878631046222,0.0,16,0,8,11,cpu,256,1.8758759128121436,1.2117601512011595,5.863927312500001,218.08255076408386,13.630159422755241
concurrent_completion,15-Qwen3-8B-Q8_0.gguf,15-Qwen3-8B-Q8_0,CPU_8_cores,Q8_0,8B,8000000000,5.952597209435758,0.0,16,0,8,520,cpu,256,5.109989031494528,0.5900032276215874,101.76147087500001,688.1030004024506,43.00643752515316
concurrent_completion,15-Qwen3-8B-Q8_0.gguf,15-Qwen3-8B-Q8_0,CPU_8_cores,Q8_0,8B,8000000000,18.338758535825413,0.0,64,0,8,11,cpu,256,0.47581958248590284,0.295516859010308,23.118006078124996,893.4083497524261,13.959505464881659
concurrent_completion,16-Qwen3-8B-BF16.gguf,16-Qwen3-8B-BF16,CPU_8_cores,F16,8B,8000000000,7.985660403916403,0.0,4,0,8,11,cpu,256,5.562711224994981,2.029669880814098,1.977453,128.22984552383423,32.05746138095856
concurrent_completion,16-Qwen3-8B-BF16.gguf,16-Qwen3-8B-BF16,CPU_8_cores,F16,8B,8000000000,3.877206093804728,0.0,4,0,8,520,cpu,256,4.249611489484986,1.8106026041752268,122.36412700000001,264.10770416259766,66.02692604064941
concurrent_completion,16-Qwen3-8B-BF16.gguf,16-Qwen3-8B-BF16,CPU_8_cores,F16,8B,8000000000,13.751052836206298,0.0,16,0,8,11,cpu,256,1.22513630250453,0.8884916781564683,8.9785928125,297.8681013584137,18.616756334900856
concurrent_completion,16-Qwen3-8B-BF16.gguf,16-Qwen3-8B-BF16,CPU_8_cores,F16,8B,8000000000,4.6030876073801,0.0,16,0,8,520,cpu,256,3.089954888530427,0.48268964614995663,168.2872465,889.8375067710876,55.61484417319298
concurrent_completion,16-Qwen3-8B-BF16.gguf,16-Qwen3-8B-BF16,CPU_8_cores,F16,8B,8000000000,13.93959411185698,0.0,64,0,8,11,cpu,256,0.3196759669948821,0.2250688933471672,34.40984351562501,1175.3570346832275,18.36495366692543
